 id , timestamp , ax , ay , az , gx , gy , gz , mx , my , mz , t , p , h , l , n 
CISS_1_244B2207551B8950,1573311887528,630,52,-825,,,,,,,,,,,
CISS_1_244B2207551B8950,1573311887528,642,46,-812,,,,,,,,,,,
CISS_1_244B2207551B8950,1573311887528,632,44,-815,,,,,,,,,,,
CISS_1_244B2207551B8950,1573311887529,636,42,-806,,,,,,,,,,,
CISS_1_244B2207551B8950,1573311887529,638,46,-817,,,,,,,,,,,
CISS_1_244B2207551B8950,1573311887529,630,42,-819,,,,,,,,,,,
CISS_1_244B2207551B8950,1573311887529,638,48,-819,,,,,,,,,,,
CISS_1_244B2207551B8950,1573311887529,632,39,-813,,,,,,,,,,,
CISS_1_244B2207551B8950,1573311887529,632,50,-821,,,,,,,,,,,
CISS_1_244B2207551B8950,1573311887529,,,,,,,0,0,0,,,,,
CISS_1_244B2207551B8950,1573311887529,636,50,-813,,,,,,,,,,,
CISS_1_244B2207551B8950,1573311887529,,,,,,,16,-42,32,,,,,
CISS_1_244B2207551B8950,1573311887530,638,50,-819,,,,,,,,,,,
CISS_1_244B2207551B8950,1573311887530,,,,,,,13,-41,35,,,,,
CISS_1_244B2207551B8950,1573311887530,642,56,-815,,,,,,,,,,,
CISS_1_244B2207551B8950,1573311887530,,,,,,,14,-42,35,,,,,
CISS_1_244B2207551B8950,1573311887530,632,46,-815,,,,,,,,,,,
CISS_1_244B2207551B8950,1573311887530,,,,,,,13,-40,33,,,,,
CISS_1_244B2207551B8950,1573311887530,,,,,,,,,,26.7,,,,
CISS_1_244B2207551B8950,1573311887530,,,,,,,,,,,,47.99,,
CISS_1_244B2207551B8950,1573311887530,,,,,,,,,,,1006.26,,,
CISS_1_244B2207551B8950,1573311887530,,,,,,,,,,,,,0,
CISS_1_244B2207551B8950,1573311887531,634,40,-817,,,,,,,,,,,
CISS_1_244B2207551B8950,1573311887531,,,,,,,16,-43,30,,,,,
CISS_1_244B2207551B8950,1573311887531,640,50,-817,,,,,,,,,,,
CISS_1_244B2207551B8950,1573311887531,,,,,,,16,-40,27,,,,,
CISS_1_244B2207551B8950,1573311887531,642,44,-817,,,,,,,,,,,
CISS_1_244B2207551B8950,1573311887531,,,,,,,16,-45,32,,,,,
CISS_1_244B2207551B8950,1573311887531,630,52,-819,,,,,,,,,,,
CISS_1_244B2207551B8950,1573311887531,,,,,,,16,-43,31,,,,,
CISS_1_244B2207551B8950,1573311887531,636,40,-815,,,,,,,,,,,
CISS_1_244B2207551B8950,1573311887532,,,,,,,14,-43,33,,,,,
CISS_1_244B2207551B8950,1573311887532,,,,0,0,0,,,,,,,,
CISS_1_244B2207551B8950,1573311887532,636,46,-817,,,,,,,,,,,
CISS_1_244B2207551B8950,1573311887532,,,,,,,16,-43,27,,,,,
CISS_1_244B2207551B8950,1573311887532,,,,0,0,0,,,,,,,,
CISS_1_244B2207551B8950,1573311887613,644,39,-815,,,,,,,,,,,
CISS_1_244B2207551B8950,1573311887614,,,,,,,13,-44,25,,,,,
CISS_1_244B2207551B8950,1573311887615,,,,0,0,0,,,,,,,,
CISS_1_244B2207551B8950,1573311887713,634,46,-821,,,,,,,,,,,
CISS_1_244B2207551B8950,1573311887714,,,,,,,16,-44,30,,,,,
CISS_1_244B2207551B8950,1573311887714,,,,0,0,0,,,,,,,,
CISS_1_244B2207551B8950,1573311887812,636,46,-812,,,,,,,,,,,
CISS_1_244B2207551B8950,1573311887814,,,,,,,16,-40,35,,,,,
CISS_1_244B2207551B8950,1573311887814,,,,0,0,0,,,,,,,,
CISS_1_244B2207551B8950,1573311887912,638,46,-825,,,,,,,,,,,
CISS_1_244B2207551B8950,1573311887913,,,,,,,16,-42,30,,,,,
CISS_1_244B2207551B8950,1573311887913,,,,0,0,0,,,,,,,,
CISS_1_244B2207551B8950,1573311887969,,,,,,,,,,26.9,,,,
CISS_1_244B2207551B8950,1573311887969,,,,,,,,,,,,47.95,,
CISS_1_244B2207551B8950,1573311887969,,,,,,,,,,,1006.37,,,
CISS_1_244B2207551B8950,1573311887970,,,,,,,,,,,,,0,
CISS_1_244B2207551B8950,1573311888012,636,39,-819,,,,,,,,,,,
CISS_1_244B2207551B8950,1573311888013,,,,,,,17,-43,27,,,,,
CISS_1_244B2207551B8950,1573311888013,,,,0,0,0,,,,,,,,
CISS_1_244B2207551B8950,1573311888112,628,46,-813,,,,,,,,,,,
CISS_1_244B2207551B8950,1573311888112,,,,,,,13,-42,31,,,,,
CISS_1_244B2207551B8950,1573311888113,,,,0,0,0,,,,,,,,
CISS_1_244B2207551B8950,1573311888211,638,44,-813,,,,,,,,,,,
CISS_1_244B2207551B8950,1573311888212,,,,,,,12,-40,27,,,,,
CISS_1_244B2207551B8950,1573311888212,,,,0,0,0,,,,,,,,
CISS_1_244B2207551B8950,1573311888311,638,50,-815,,,,,,,,,,,
CISS_1_244B2207551B8950,1573311888311,,,,,,,12,-43,33,,,,,
CISS_1_244B2207551B8950,1573311888312,,,,0,0,0,,,,,,,,
CISS_1_244B2207551B8950,1573311888410,634,44,-812,,,,,,,,,,,
CISS_1_244B2207551B8950,1573311888411,,,,,,,14,-44,29,,,,,
CISS_1_244B2207551B8950,1573311888411,,,,0,0,0,,,,,,,,
CISS_1_244B2207551B8950,1573311888510,636,39,-819,,,,,,,,,,,
CISS_1_244B2207551B8950,1573311888511,,,,,,,14,-44,32,,,,,
CISS_1_244B2207551B8950,1573311888511,,,,0,0,0,,,,,,,,
CISS_1_244B2207551B8950,1573311888609,638,50,-815,,,,,,,,,,,
CISS_1_244B2207551B8950,1573311888610,,,,,,,16,-43,39,,,,,
CISS_1_244B2207551B8950,1573311888611,,,,0,0,0,,,,,,,,
CISS_1_244B2207551B8950,1573311888709,638,42,-813,,,,,,,,,,,
CISS_1_244B2207551B8950,1573311888710,,,,,,,16,-43,31,,,,,
CISS_1_244B2207551B8950,1573311888713,,,,0,0,0,,,,,,,,
CISS_1_244B2207551B8950,1573311888809,636,42,-819,,,,,,,,,,,
CISS_1_244B2207551B8950,1573311888810,,,,,,,13,-42,36,,,,,
CISS_1_244B2207551B8950,1573311888810,,,,0,0,0,,,,,,,,
CISS_1_244B2207551B8950,1573311888908,640,37,-821,,,,,,,,,,,
CISS_1_244B2207551B8950,1573311888909,,,,,,,15,-42,33,,,,,
CISS_1_244B2207551B8950,1573311888909,,,,0,0,0,,,,,,,,
CISS_1_244B2207551B8950,1573311888969,,,,,,,,,,26.9,,,,
CISS_1_244B2207551B8950,1573311888969,,,,,,,,,,,,47.9,,
CISS_1_244B2207551B8950,1573311888969,,,,,,,,,,,1006.45,,,
CISS_1_244B2207551B8950,1573311888969,,,,,,,,,,,,,0,
CISS_1_244B2207551B8950,1573311889008,638,42,-815,,,,,,,,,,,
CISS_1_244B2207551B8950,1573311889009,,,,,,,16,-42,34,,,,,
CISS_1_244B2207551B8950,1573311889010,,,,0,0,0,,,,,,,,
CISS_1_244B2207551B8950,1573311889107,632,50,-808,,,,,,,,,,,
CISS_1_244B2207551B8950,1573311889109,,,,,,,17,-43,33,,,,,
CISS_1_244B2207551B8950,1573311889109,,,,0,0,0,,,,,,,,
CISS_1_244B2207551B8950,1573311889207,628,42,-819,,,,,,,,,,,
CISS_1_244B2207551B8950,1573311889208,,,,,,,17,-40,31,,,,,
CISS_1_244B2207551B8950,1573311889209,,,,0,0,0,,,,,,,,
CISS_1_244B2207551B8950,1573311889307,642,40,-810,,,,,,,,,,,
CISS_1_244B2207551B8950,1573311889307,,,,,,,21,-41,30,,,,,
CISS_1_244B2207551B8950,1573311889309,,,,0,0,0,,,,,,,,
CISS_1_244B2207551B8950,1573311889406,632,48,-815,,,,,,,,,,,
CISS_1_244B2207551B8950,1573311889407,,,,,,,9,-44,26,,,,,
CISS_1_244B2207551B8950,1573311889408,,,,0,0,0,,,,,,,,
CISS_1_244B2207551B8950,1573311889506,634,50,-815,,,,,,,,,,,
CISS_1_244B2207551B8950,1573311889507,,,,,,,18,-41,31,,,,,
CISS_1_244B2207551B8950,1573311889507,,,,0,0,0,,,,,,,,
CISS_1_244B2207551B8950,1573311889605,638,50,-819,,,,,,,,,,,
CISS_1_244B2207551B8950,1573311889606,,,,,,,15,-42,32,,,,,
CISS_1_244B2207551B8950,1573311889608,,,,0,0,0,,,,,,,,
CISS_1_244B2207551B8950,1573311889705,634,44,-815,,,,,,,,,,,
CISS_1_244B2207551B8950,1573311889706,,,,,,,18,-43,35,,,,,
CISS_1_244B2207551B8950,1573311889706,,,,0,0,0,,,,,,,,
CISS_1_244B2207551B8950,1573311889805,644,39,-813,,,,,,,,,,,
CISS_1_244B2207551B8950,1573311889806,,,,,,,14,-42,29,,,,,
CISS_1_244B2207551B8950,1573311889806,,,,0,0,0,,,,,,,,
CISS_1_244B2207551B8950,1573311889904,644,39,-813,,,,,,,,,,,
CISS_1_244B2207551B8950,1573311889905,,,,,,,18,-41,33,,,,,
CISS_1_244B2207551B8950,1573311889906,,,,0,0,0,,,,,,,,
CISS_1_244B2207551B8950,1573311889969,,,,,,,,,,26.9,,,,
CISS_1_244B2207551B8950,1573311889969,,,,,,,,,,,,47.89,,
CISS_1_244B2207551B8950,1573311889969,,,,,,,,,,,1006.38,,,
CISS_1_244B2207551B8950,1573311889969,,,,,,,,,,,,,0,
CISS_1_244B2207551B8950,1573311890004,632,52,-813,,,,,,,,,,,
CISS_1_244B2207551B8950,1573311890005,,,,,,,17,-42,31,,,,,
CISS_1_244B2207551B8950,1573311890005,,,,0,0,0,,,,,,,,
CISS_1_244B2207551B8950,1573311890103,636,48,-819,,,,,,,,,,,
CISS_1_244B2207551B8950,1573311890104,,,,,,,17,-43,34,,,,,
CISS_1_244B2207551B8950,1573311890105,,,,0,0,0,,,,,,,,
CISS_1_244B2207551B8950,1573311890203,630,44,-812,,,,,,,,,,,
CISS_1_244B2207551B8950,1573311890204,,,,,,,12,-41,28,,,,,
CISS_1_244B2207551B8950,1573311890204,,,,0,0,0,,,,,,,,
CISS_1_244B2207551B8950,1573311890303,640,50,-813,,,,,,,,,,,
CISS_1_244B2207551B8950,1573311890304,,,,,,,15,-44,28,,,,,
CISS_1_244B2207551B8950,1573311890304,,,,0,0,0,,,,,,,,
CISS_1_244B2207551B8950,1573311890402,630,40,-817,,,,,,,,,,,
CISS_1_244B2207551B8950,1573311890403,,,,,,,13,-42,31,,,,,
CISS_1_244B2207551B8950,1573311890404,,,,0,0,0,,,,,,,,
CISS_1_244B2207551B8950,1573311890502,632,33,-813,,,,,,,,,,,
CISS_1_244B2207551B8950,1573311890503,,,,,,,13,-41,30,,,,,
CISS_1_244B2207551B8950,1573311890503,,,,0,0,0,,,,,,,,
CISS_1_244B2207551B8950,1573311890602,632,46,-810,,,,,,,,,,,
CISS_1_244B2207551B8950,1573311890602,,,,,,,16,-43,29,,,,,
CISS_1_244B2207551B8950,1573311890603,,,,0,0,0,,,,,,,,
CISS_1_244B2207551B8950,1573311890701,638,40,-815,,,,,,,,,,,
CISS_1_244B2207551B8950,1573311890702,,,,,,,15,-42,29,,,,,
CISS_1_244B2207551B8950,1573311890702,,,,0,0,0,,,,,,,,
CISS_1_244B2207551B8950,1573311890801,622,50,-825,,,,,,,,,,,
CISS_1_244B2207551B8950,1573311890802,,,,,,,15,-40,30,,,,,
CISS_1_244B2207551B8950,1573311890802,,,,0,0,0,,,,,,,,
CISS_1_244B2207551B8950,1573311890900,646,42,-817,,,,,,,,,,,
CISS_1_244B2207551B8950,1573311890901,,,,,,,13,-40,30,,,,,
CISS_1_244B2207551B8950,1573311890902,,,,0,0,0,,,,,,,,
CISS_1_244B2207551B8950,1573311890969,,,,,,,,,,26.9,,,,
CISS_1_244B2207551B8950,1573311890969,,,,,,,,,,,,47.86,,
CISS_1_244B2207551B8950,1573311890969,,,,,,,,,,,1006.31,,,
CISS_1_244B2207551B8950,1573311890970,,,,,,,,,,,,,0,
CISS_1_244B2207551B8950,1573311891000,638,60,-827,,,,,,,,,,,
CISS_1_244B2207551B8950,1573311891001,,,,,,,13,-43,31,,,,,
CISS_1_244B2207551B8950,1573311891001,,,,-1,0,0,,,,,,,,
CISS_1_244B2207551B8950,1573311891100,638,44,-825,,,,,,,,,,,
CISS_1_244B2207551B8950,1573311891100,,,,,,,16,-41,32,,,,,
CISS_1_244B2207551B8950,1573311891101,,,,0,0,0,,,,,,,,
CISS_1_244B2207551B8950,1573311891199,638,48,-813,,,,,,,,,,,
CISS_1_244B2207551B8950,1573311891200,,,,,,,14,-40,34,,,,,
CISS_1_244B2207551B8950,1573311891200,,,,0,0,0,,,,,,,,
CISS_1_244B2207551B8950,1573311891299,638,40,-819,,,,,,,,,,,
CISS_1_244B2207551B8950,1573311891300,,,,,,,16,-42,31,,,,,
CISS_1_244B2207551B8950,1573311891300,,,,0,0,0,,,,,,,,
CISS_1_244B2207551B8950,1573311891398,636,50,-815,,,,,,,,,,,
CISS_1_244B2207551B8950,1573311891399,,,,,,,14,-41,33,,,,,
CISS_1_244B2207551B8950,1573311891400,,,,1,-1,0,,,,,,,,
CISS_1_244B2207551B8950,1573311891499,638,21,-806,,,,,,,,,,,
CISS_1_244B2207551B8950,1573311891499,,,,,,,13,-41,36,,,,,
CISS_1_244B2207551B8950,1573311891499,,,,-3,-18,-3,,,,,,,,
CISS_1_244B2207551B8950,1573311891598,888,275,-892,,,,,,,,,,,
CISS_1_244B2207551B8950,1573311891598,,,,,,,15,-43,31,,,,,
CISS_1_244B2207551B8950,1573311891599,,,,-71,3,-29,,,,,,,,
CISS_1_244B2207551B8950,1573311891697,640,267,-831,,,,,,,,,,,
CISS_1_244B2207551B8950,1573311891698,,,,,,,19,-41,27,,,,,
CISS_1_244B2207551B8950,1573311891698,,,,-68,54,-22,,,,,,,,
CISS_1_244B2207551B8950,1573311891797,655,324,-626,,,,,,,,,,,
CISS_1_244B2207551B8950,1573311891798,,,,,,,20,-40,21,,,,,
CISS_1_244B2207551B8950,1573311891798,,,,-59,45,-6,,,,,,,,
CISS_1_244B2207551B8950,1573311891896,644,361,-562,,,,,,,,,,,
CISS_1_244B2207551B8950,1573311891897,,,,,,,17,-40,17,,,,,
CISS_1_244B2207551B8950,1573311891898,,,,-35,32,0,,,,,,,,
CISS_1_244B2207551B8950,1573311891969,,,,,,,,,,26.9,,,,
CISS_1_244B2207551B8950,1573311891969,,,,,,,,,,,,47.86,,
CISS_1_244B2207551B8950,1573311891969,,,,,,,,,,,1006.3,,,
CISS_1_244B2207551B8950,1573311891969,,,,,,,,,,,,,0,
CISS_1_244B2207551B8950,1573311891996,716,400,-655,,,,,,,,,,,
CISS_1_244B2207551B8950,1573311891997,,,,,,,15,-36,13,,,,,
CISS_1_244B2207551B8950,1573311891997,,,,-25,1,-3,,,,,,,,
CISS_1_244B2207551B8950,1573311892096,718,468,-646,,,,,,,,,,,
CISS_1_244B2207551B8950,1573311892096,,,,,,,16,-34,10,,,,,
CISS_1_244B2207551B8950,1573311892097,,,,10,-1,3,,,,,,,,
CISS_1_244B2207551B8950,1573311892195,708,456,-653,,,,,,,,,,,
CISS_1_244B2207551B8950,1573311892196,,,,,,,15,-32,5,,,,,
CISS_1_244B2207551B8950,1573311892197,,,,77,5,7,,,,,,,,
CISS_1_244B2207551B8950,1573311892295,712,232,-794,,,,,,,,,,,
CISS_1_244B2207551B8950,1573311892296,,,,,,,18,-33,7,,,,,
CISS_1_244B2207551B8950,1573311892296,,,,159,-35,10,,,,,,,,
CISS_1_244B2207551B8950,1573311892395,694,-33,-743,,,,,,,,,,,
CISS_1_244B2207551B8950,1573311892395,,,,,,,13,-41,21,,,,,
CISS_1_244B2207551B8950,1573311892396,,,,286,-39,-8,,,,,,,,
CISS_1_244B2207551B8950,1573311892494,642,-296,-901,,,,,,,,,,,
CISS_1_244B2207551B8950,1573311892495,,,,,,,9,-46,40,,,,,
CISS_1_244B2207551B8950,1573311892495,,,,79,-12,4,,,,,,,,
CISS_1_244B2207551B8950,1573311892594,636,-392,-757,,,,,,,,,,,
CISS_1_244B2207551B8950,1573311892595,,,,,,,12,-43,51,,,,,
CISS_1_244B2207551B8950,1573311892595,,,,56,-6,7,,,,,,,,
CISS_1_244B2207551B8950,1573311892693,638,-380,-733,,,,,,,,,,,
CISS_1_244B2207551B8950,1573311892694,,,,,,,9,-42,67,,,,,
CISS_1_244B2207551B8950,1573311892695,,,,57,-10,6,,,,,,,,
CISS_1_244B2207551B8950,1573311892793,626,-466,-634,,,,,,,,,,,
CISS_1_244B2207551B8950,1573311892794,,,,,,,9,-37,71,,,,,
CISS_1_244B2207551B8950,1573311892796,,,,71,-9,0,,,,,,,,
CISS_1_244B2207551B8950,1573311892893,605,-591,-591,,,,,,,,,,,
CISS_1_244B2207551B8950,1573311892894,,,,,,,10,-36,74,,,,,
CISS_1_244B2207551B8950,1573311892894,,,,50,-5,3,,,,,,,,
CISS_1_244B2207551B8950,1573311892969,,,,,,,,,,26.9,,,,
CISS_1_244B2207551B8950,1573311892969,,,,,,,,,,,,47.85,,
CISS_1_244B2207551B8950,1573311892969,,,,,,,,,,,1006.34,,,
CISS_1_244B2207551B8950,1573311892969,,,,,,,,,,,,,0,
CISS_1_244B2207551B8950,1573311892992,610,-564,-507,,,,,,,,,,,
CISS_1_244B2207551B8950,1573311892993,,,,,,,12,-32,82,,,,,
CISS_1_244B2207551B8950,1573311892993,,,,11,0,4,,,,,,,,
CISS_1_244B2207551B8950,1573311893092,614,-587,-417,,,,,,,,,,,
CISS_1_244B2207551B8950,1573311893093,,,,,,,9,-29,86,,,,,
CISS_1_244B2207551B8950,1573311893093,,,,54,-3,0,,,,,,,,
CISS_1_244B2207551B8950,1573311893191,605,-638,-484,,,,,,,,,,,
CISS_1_244B2207551B8950,1573311893192,,,,,,,10,-22,89,,,,,
CISS_1_244B2207551B8950,1573311893194,,,,28,0,-5,,,,,,,,
CISS_1_244B2207551B8950,1573311893291,558,-612,-745,,,,,,,,,,,
CISS_1_244B2207551B8950,1573311893292,,,,,,,9,-23,88,,,,,
CISS_1_244B2207551B8950,1573311893292,,,,-206,29,30,,,,,,,,
CISS_1_244B2207551B8950,1573311893390,622,-466,-704,,,,,,,,,,,
CISS_1_244B2207551B8950,1573311893391,,,,,,,9,-29,80,,,,,
CISS_1_244B2207551B8950,1573311893392,,,,-91,8,0,,,,,,,,
CISS_1_244B2207551B8950,1573311893490,614,-409,-708,,,,,,,,,,,
CISS_1_244B2207551B8950,1573311893491,,,,,,,9,-41,70,,,,,
CISS_1_244B2207551B8950,1573311893493,,,,-38,3,1,,,,,,,,
CISS_1_244B2207551B8950,1573311893590,620,-376,-700,,,,,,,,,,,
CISS_1_244B2207551B8950,1573311893591,,,,,,,5,-40,70,,,,,
CISS_1_244B2207551B8950,1573311893591,,,,-39,9,1,,,,,,,,
CISS_1_244B2207551B8950,1573311893690,642,-283,-763,,,,,,,,,,,
CISS_1_244B2207551B8950,1573311893690,,,,,,,9,-42,66,,,,,
CISS_1_244B2207551B8950,1573311893691,,,,-78,12,0,,,,,,,,
CISS_1_244B2207551B8950,1573311893789,661,-177,-755,,,,,,,,,,,
CISS_1_244B2207551B8950,1573311893790,,,,,,,8,-44,54,,,,,
CISS_1_244B2207551B8950,1573311893790,,,,-51,16,-3,,,,,,,,
CISS_1_244B2207551B8950,1573311893889,657,-165,-769,,,,,,,,,,,
CISS_1_244B2207551B8950,1573311893889,,,,,,,7,-45,52,,,,,
CISS_1_244B2207551B8950,1573311893890,,,,-35,1,1,,,,,,,,
CISS_1_244B2207551B8950,1573311893969,,,,,,,,,,26.9,,,,
CISS_1_244B2207551B8950,1573311893969,,,,,,,,,,,,47.85,,
CISS_1_244B2207551B8950,1573311893969,,,,,,,,,,,1006.36,,,
CISS_1_244B2207551B8950,1573311893969,,,,,,,,,,,,,0,
CISS_1_244B2207551B8950,1573311893988,665,-87,-800,,,,,,,,,,,
CISS_1_244B2207551B8950,1573311893990,,,,,,,6,-46,53,,,,,
CISS_1_244B2207551B8950,1573311893990,,,,-65,-2,-3,,,,,,,,
CISS_1_244B2207551B8950,1573311894088,665,-52,-794,,,,,,,,,,,
CISS_1_244B2207551B8950,1573311894089,,,,,,,8,-44,44,,,,,
CISS_1_244B2207551B8950,1573311894089,,,,-44,0,0,,,,,,,,
CISS_1_244B2207551B8950,1573311894188,667,78,-765,,,,,,,,,,,
CISS_1_244B2207551B8950,1573311894188,,,,,,,9,-44,38,,,,,
CISS_1_244B2207551B8950,1573311894189,,,,-32,2,-4,,,,,,,,
CISS_1_244B2207551B8950,1573311894287,692,169,-776,,,,,,,,,,,
CISS_1_244B2207551B8950,1573311894288,,,,,,,9,-44,32,,,,,
CISS_1_244B2207551B8950,1573311894288,,,,-47,10,-6,,,,,,,,
CISS_1_244B2207551B8950,1573311894387,689,179,-755,,,,,,,,,,,
CISS_1_244B2207551B8950,1573311894387,,,,,,,11,-45,26,,,,,
CISS_1_244B2207551B8950,1573311894388,,,,-51,8,-5,,,,,,,,
CISS_1_244B2207551B8950,1573311894486,708,275,-730,,,,,,,,,,,
CISS_1_244B2207551B8950,1573311894487,,,,,,,10,-41,24,,,,,
CISS_1_244B2207551B8950,1573311894487,,,,-67,-2,-12,,,,,,,,
CISS_1_244B2207551B8950,1573311894586,716,361,-722,,,,,,,,,,,
CISS_1_244B2207551B8950,1573311894587,,,,,,,10,-40,15,,,,,
CISS_1_244B2207551B8950,1573311894587,,,,-15,10,2,,,,,,,,
CISS_1_244B2207551B8950,1573311894685,710,269,-657,,,,,,,,,,,
CISS_1_244B2207551B8950,1573311894686,,,,,,,13,-40,15,,,,,
CISS_1_244B2207551B8950,1573311894687,,,,11,-1,6,,,,,,,,
CISS_1_244B2207551B8950,1573311894785,718,312,-708,,,,,,,,,,,
CISS_1_244B2207551B8950,1573311894786,,,,,,,12,-36,13,,,,,
CISS_1_244B2207551B8950,1573311894786,,,,-3,1,-1,,,,,,,,
CISS_1_244B2207551B8950,1573311894885,706,308,-687,,,,,,,,,,,
CISS_1_244B2207551B8950,1573311894885,,,,,,,12,-38,10,,,,,
CISS_1_244B2207551B8950,1573311894886,,,,-1,1,0,,,,,,,,
CISS_1_244B2207551B8950,1573311894969,,,,,,,,,,26.9,,,,
CISS_1_244B2207551B8950,1573311894969,,,,,,,,,,,,47.84,,
CISS_1_244B2207551B8950,1573311894969,,,,,,,,,,,1006.34,,,
CISS_1_244B2207551B8950,1573311894969,,,,,,,,,,,,,0,
CISS_1_244B2207551B8950,1573311894984,716,302,-718,,,,,,,,,,,
CISS_1_244B2207551B8950,1573311894985,,,,,,,13,-37,14,,,,,
CISS_1_244B2207551B8950,1573311894986,,,,-5,0,2,,,,,,,,
CISS_1_244B2207551B8950,1573311895084,712,314,-694,,,,,,,,,,,
CISS_1_244B2207551B8950,1573311895085,,,,,,,9,-37,15,,,,,
CISS_1_244B2207551B8950,1573311895085,,,,0,0,0,,,,,,,,
CISS_1_244B2207551B8950,1573311895184,706,320,-706,,,,,,,,,,,
CISS_1_244B2207551B8950,1573311895184,,,,,,,13,-39,13,,,,,
CISS_1_244B2207551B8950,1573311895185,,,,4,0,-2,,,,,,,,
CISS_1_244B2207551B8950,1573311895283,714,283,-735,,,,,,,,,,,
CISS_1_244B2207551B8950,1573311895284,,,,,,,12,-38,19,,,,,
CISS_1_244B2207551B8950,1573311895284,,,,19,0,1,,,,,,,,
CISS_1_244B2207551B8950,1573311895383,691,203,-745,,,,,,,,,,,
CISS_1_244B2207551B8950,1573311895384,,,,,,,12,-40,15,,,,,
CISS_1_244B2207551B8950,1573311895384,,,,58,-13,5,,,,,,,,
CISS_1_244B2207551B8950,1573311895482,679,56,-745,,,,,,,,,,,
CISS_1_244B2207551B8950,1573311895483,,,,,,,10,-43,19,,,,,
CISS_1_244B2207551B8950,1573311895484,,,,58,-6,8,,,,,,,,
CISS_1_244B2207551B8950,1573311895582,657,-29,-827,,,,,,,,,,,
CISS_1_244B2207551B8950,1573311895583,,,,,,,10,-46,29,,,,,
CISS_1_244B2207551B8950,1573311895583,,,,105,-16,-1,,,,,,,,
CISS_1_244B2207551B8950,1573311895681,663,-83,-827,,,,,,,,,,,
CISS_1_244B2207551B8950,1573311895682,,,,,,,9,-47,34,,,,,
CISS_1_244B2207551B8950,1573311895683,,,,75,-7,0,,,,,,,,
CISS_1_244B2207551B8950,1573311895781,657,-247,-772,,,,,,,,,,,
CISS_1_244B2207551B8950,1573311895782,,,,,,,10,-45,44,,,,,
CISS_1_244B2207551B8950,1573311895782,,,,65,-5,2,,,,,,,,
CISS_1_244B2207551B8950,1573311895881,642,-417,-706,,,,,,,,,,,
CISS_1_244B2207551B8950,1573311895882,,,,,,,9,-43,56,,,,,
CISS_1_244B2207551B8950,1573311895882,,,,144,-27,0,,,,,,,,
CISS_1_244B2207551B8950,1573311895969,,,,,,,,,,26.9,,,,
CISS_1_244B2207551B8950,1573311895969,,,,,,,,,,,,47.82,,
CISS_1_244B2207551B8950,1573311895969,,,,,,,,,,,1006.26,,,
CISS_1_244B2207551B8950,1573311895969,,,,,,,,,,,,,0,
CISS_1_244B2207551B8950,1573311895982,622,-509,-536,,,,,,,,,,,
CISS_1_244B2207551B8950,1573311895982,,,,,,,9,-42,68,,,,,
CISS_1_244B2207551B8950,1573311895982,,,,153,-20,-4,,,,,,,,
CISS_1_244B2207551B8950,1573311896084,583,-644,-527,,,,,,,,,,,
CISS_1_244B2207551B8950,1573311896084,,,,,,,10,-33,84,,,,,
CISS_1_244B2207551B8950,1573311896084,,,,73,-8,3,,,,,,,,
CISS_1_244B2207551B8950,1573311896180,589,-679,-429,,,,,,,,,,,
CISS_1_244B2207551B8950,1573311896181,,,,,,,8,-24,90,,,,,
CISS_1_244B2207551B8950,1573311896181,,,,36,-3,5,,,,,,,,
CISS_1_244B2207551B8950,1573311896279,577,-704,-331,,,,,,,,,,,
CISS_1_244B2207551B8950,1573311896281,,,,,,,12,-18,95,,,,,
CISS_1_244B2207551B8950,1573311896281,,,,115,-12,0,,,,,,,,
CISS_1_244B2207551B8950,1573311896379,562,-796,-224,,,,,,,,,,,
CISS_1_244B2207551B8950,1573311896380,,,,,,,12,-8,98,,,,,
CISS_1_244B2207551B8950,1573311896381,,,,98,-2,-9,,,,,,,,
CISS_1_244B2207551B8950,1573311896478,569,-823,-144,,,,,,,,,,,
CISS_1_244B2207551B8950,1573311896479,,,,,,,11,-2,100,,,,,
CISS_1_244B2207551B8950,1573311896480,,,,29,17,-4,,,,,,,,
CISS_1_244B2207551B8950,1573311896578,569,-808,-15,,,,,,,,,,,
CISS_1_244B2207551B8950,1573311896579,,,,,,,14,3,103,,,,,
CISS_1_244B2207551B8950,1573311896579,,,,46,14,1,,,,,,,,
CISS_1_244B2207551B8950,1573311896678,599,-841,21,,,,,,,,,,,
CISS_1_244B2207551B8950,1573311896679,,,,,,,8,8,104,,,,,
CISS_1_244B2207551B8950,1573311896679,,,,67,15,3,,,,,,,,
CISS_1_244B2207551B8950,1573311896777,528,-886,31,,,,,,,,,,,
CISS_1_244B2207551B8950,1573311896778,,,,,,,8,15,104,,,,,
CISS_1_244B2207551B8950,1573311896779,,,,18,-4,4,,,,,,,,
CISS_1_244B2207551B8950,1573311896877,548,-845,109,,,,,,,,,,,
CISS_1_244B2207551B8950,1573311896878,,,,,,,8,19,104,,,,,
CISS_1_244B2207551B8950,1573311896878,,,,8,6,-9,,,,,,,,
CISS_1_244B2207551B8950,1573311896969,,,,,,,,,,26.9,,,,
CISS_1_244B2207551B8950,1573311896969,,,,,,,,,,,,47.82,,
CISS_1_244B2207551B8950,1573311896969,,,,,,,,,,,1006.3,,,
CISS_1_244B2207551B8950,1573311896969,,,,,,,,,,,,,0,
CISS_1_244B2207551B8950,1573311896976,558,-730,201,,,,,,,,,,,
CISS_1_244B2207551B8950,1573311896977,,,,,,,10,19,105,,,,,
CISS_1_244B2207551B8950,1573311896978,,,,15,13,-15,,,,,,,,
CISS_1_244B2207551B8950,1573311897076,527,-800,261,,,,,,,,,,,
CISS_1_244B2207551B8950,1573311897077,,,,,,,7,23,102,,,,,
CISS_1_244B2207551B8950,1573311897077,,,,44,36,-25,,,,,,,,
CISS_1_244B2207551B8950,1573311897176,560,-843,312,,,,,,,,,,,
CISS_1_244B2207551B8950,1573311897176,,,,,,,2,27,101,,,,,
CISS_1_244B2207551B8950,1573311897177,,,,49,18,0,,,,,,,,
CISS_1_244B2207551B8950,1573311897275,542,-796,359,,,,,,,,,,,
CISS_1_244B2207551B8950,1573311897276,,,,,,,-1,29,104,,,,,
CISS_1_244B2207551B8950,1573311897277,,,,62,8,3,,,,,,,,
CISS_1_244B2207551B8950,1573311897375,536,-722,458,,,,,,,,,,,
CISS_1_244B2207551B8950,1573311897376,,,,,,,1,35,97,,,,,
CISS_1_244B2207551B8950,1573311897376,,,,48,20,-1,,,,,,,,
CISS_1_244B2207551B8950,1573311897474,536,-622,550,,,,,,,,,,,
CISS_1_244B2207551B8950,1573311897475,,,,,,,-4,40,100,,,,,
CISS_1_244B2207551B8950,1573311897476,,,,77,4,5,,,,,,,,
CISS_1_244B2207551B8950,1573311897574,454,-829,595,,,,,,,,,,,
CISS_1_244B2207551B8950,1573311897575,,,,,,,-2,44,96,,,,,
CISS_1_244B2207551B8950,1573311897575,,,,-3,29,0,,,,,,,,
CISS_1_244B2207551B8950,1573311897674,480,-689,648,,,,,,,,,,,
CISS_1_244B2207551B8950,1573311897674,,,,,,,0,47,95,,,,,
CISS_1_244B2207551B8950,1573311897675,,,,-2,18,-1,,,,,,,,
CISS_1_244B2207551B8950,1573311897773,474,-646,610,,,,,,,,,,,
CISS_1_244B2207551B8950,1573311897774,,,,,,,-2,45,92,,,,,
CISS_1_244B2207551B8950,1573311897775,,,,42,11,-1,,,,,,,,
CISS_1_244B2207551B8950,1573311897873,454,-651,624,,,,,,,,,,,
CISS_1_244B2207551B8950,1573311897874,,,,,,,-2,48,94,,,,,
CISS_1_244B2207551B8950,1573311897874,,,,32,5,0,,,,,,,,
CISS_1_244B2207551B8950,1573311897969,,,,,,,,,,26.9,,,,
CISS_1_244B2207551B8950,1573311897969,,,,,,,,,,,,47.79,,
CISS_1_244B2207551B8950,1573311897969,,,,,,,,,,,1006.25,,,
CISS_1_244B2207551B8950,1573311897969,,,,,,,,,,,,,0,
CISS_1_244B2207551B8950,1573311897973,448,-603,689,,,,,,,,,,,
CISS_1_244B2207551B8950,1573311897973,,,,,,,-3,51,90,,,,,
CISS_1_244B2207551B8950,1573311897974,,,,-3,10,7,,,,,,,,
CISS_1_244B2207551B8950,1573311898072,447,-593,718,,,,,,,,,,,
CISS_1_244B2207551B8950,1573311898073,,,,,,,-3,50,90,,,,,
CISS_1_244B2207551B8950,1573311898073,,,,-15,0,6,,,,,,,,
CISS_1_244B2207551B8950,1573311898172,441,-638,648,,,,,,,,,,,
CISS_1_244B2207551B8950,1573311898173,,,,,,,-2,51,89,,,,,
CISS_1_244B2207551B8950,1573311898173,,,,-11,-2,-1,,,,,,,,
CISS_1_244B2207551B8950,1573311898271,474,-610,638,,,,,,,,,,,
CISS_1_244B2207551B8950,1573311898272,,,,,,,-2,50,92,,,,,
CISS_1_244B2207551B8950,1573311898273,,,,-12,-4,-5,,,,,,,,
CISS_1_244B2207551B8950,1573311898371,472,-632,624,,,,,,,,,,,
CISS_1_244B2207551B8950,1573311898372,,,,,,,-8,46,89,,,,,
CISS_1_244B2207551B8950,1573311898372,,,,-5,-3,-3,,,,,,,,
CISS_1_244B2207551B8950,1573311898471,466,-655,620,,,,,,,,,,,
CISS_1_244B2207551B8950,1573311898471,,,,,,,-3,47,95,,,,,
CISS_1_244B2207551B8950,1573311898472,,,,-13,0,0,,,,,,,,
CISS_1_244B2207551B8950,1573311898570,486,-698,542,,,,,,,,,,,
CISS_1_244B2207551B8950,1573311898571,,,,,,,-4,46,88,,,,,
CISS_1_244B2207551B8950,1573311898571,,,,-68,-9,-22,,,,,,,,
CISS_1_244B2207551B8950,1573311898670,556,-710,384,,,,,,,,,,,
CISS_1_244B2207551B8950,1573311898671,,,,,,,-7,41,97,,,,,
CISS_1_244B2207551B8950,1573311898671,,,,-170,7,-36,,,,,,,,
CISS_1_244B2207551B8950,1573311898769,575,-812,50,,,,,,,,,,,
CISS_1_244B2207551B8950,1573311898770,,,,,,,-10,30,95,,,,,
CISS_1_244B2207551B8950,1573311898771,,,,-238,1,-19,,,,,,,,
CISS_1_244B2207551B8950,1573311898869,624,-771,-97,,,,,,,,,,,
CISS_1_244B2207551B8950,1573311898870,,,,,,,-7,6,99,,,,,
CISS_1_244B2207551B8950,1573311898870,,,,-34,-18,-6,,,,,,,,
CISS_1_244B2207551B8950,1573311898971,,,,,,,,,,26.9,,,,
CISS_1_244B2207551B8950,1573311898971,,,,,,,,,,,,47.82,,
CISS_1_244B2207551B8950,1573311898971,,,,,,,,,,,1006.25,,,
CISS_1_244B2207551B8950,1573311898971,632,-737,-279,,,,,,,,,,,
CISS_1_244B2207551B8950,1573311898971,,,,,,,,,,,,,0,
CISS_1_244B2207551B8950,1573311898971,,,,,,,-9,-7,97,,,,,
CISS_1_244B2207551B8950,1573311898971,,,,-56,0,-21,,,,,,,,
CISS_1_244B2207551B8950,1573311899068,675,-694,-417,,,,,,,,,,,
CISS_1_244B2207551B8950,1573311899070,,,,,,,-7,-19,93,,,,,
CISS_1_244B2207551B8950,1573311899070,,,,-120,16,-23,,,,,,,,
CISS_1_244B2207551B8950,1573311899168,722,-530,-517,,,,,,,,,,,
CISS_1_244B2207551B8950,1573311899169,,,,,,,-2,-31,85,,,,,
CISS_1_244B2207551B8950,1573311899169,,,,-126,13,-30,,,,,,,,
CISS_1_244B2207551B8950,1573311899268,716,-411,-521,,,,,,,,,,,
CISS_1_244B2207551B8950,1573311899268,,,,,,,-3,-33,77,,,,,
CISS_1_244B2207551B8950,1573311899269,,,,-86,12,-25,,,,,,,,
CISS_1_244B2207551B8950,1573311899367,741,-325,-550,,,,,,,,,,,
CISS_1_244B2207551B8950,1573311899368,,,,,,,0,-40,75,,,,,
CISS_1_244B2207551B8950,1573311899368,,,,-37,0,-12,,,,,,,,
CISS_1_244B2207551B8950,1573311899467,776,-253,-628,,,,,,,,,,,
CISS_1_244B2207551B8950,1573311899467,,,,,,,0,-40,71,,,,,
CISS_1_244B2207551B8950,1573311899468,,,,-58,5,-23,,,,,,,,
CISS_1_244B2207551B8950,1573311899566,780,-232,-616,,,,,,,,,,,
CISS_1_244B2207551B8950,1573311899567,,,,,,,0,-46,60,,,,,
CISS_1_244B2207551B8950,1573311899568,,,,-69,20,-11,,,,,,,,
CISS_1_244B2207551B8950,1573311899666,802,-54,-683,,,,,,,,,,,
CISS_1_244B2207551B8950,1573311899667,,,,,,,1,-43,51,,,,,
CISS_1_244B2207551B8950,1573311899667,,,,-101,12,-18,,,,,,,,
CISS_1_244B2207551B8950,1573311899766,827,11,-663,,,,,,,,,,,
CISS_1_244B2207551B8950,1573311899766,,,,,,,4,-46,45,,,,,
CISS_1_244B2207551B8950,1573311899767,,,,-87,19,-15,,,,,,,,
CISS_1_244B2207551B8950,1573311899865,827,60,-573,,,,,,,,,,,
CISS_1_244B2207551B8950,1573311899866,,,,,,,4,-44,36,,,,,
CISS_1_244B2207551B8950,1573311899866,,,,-78,19,-6,,,,,,,,
CISS_1_244B2207551B8950,1573311899965,872,257,-591,,,,,,,,,,,
CISS_1_244B2207551B8950,1573311899965,,,,,,,6,-45,26,,,,,
CISS_1_244B2207551B8950,1573311899966,,,,-93,15,-15,,,,,,,,
CISS_1_244B2207551B8950,1573311899969,,,,,,,,,,26.9,,,,
CISS_1_244B2207551B8950,1573311899969,,,,,,,,,,,,47.9,,
CISS_1_244B2207551B8950,1573311899969,,,,,,,,,,,1006.21,,,
CISS_1_244B2207551B8950,1573311899969,,,,,,,,,,,,,0,
CISS_1_244B2207551B8950,1573311900064,870,312,-486,,,,,,,,,,,
CISS_1_244B2207551B8950,1573311900065,,,,,,,9,-40,20,,,,,
CISS_1_244B2207551B8950,1573311900066,,,,-90,24,-6,,,,,,,,
CISS_1_244B2207551B8950,1573311900164,899,353,-394,,,,,,,,,,,
CISS_1_244B2207551B8950,1573311900165,,,,,,,11,-36,12,,,,,
CISS_1_244B2207551B8950,1573311900165,,,,-111,26,7,,,,,,,,
CISS_1_244B2207551B8950,1573311900263,895,468,-353,,,,,,,,,,,
CISS_1_244B2207551B8950,1573311900264,,,,,,,12,-31,1,,,,,
CISS_1_244B2207551B8950,1573311900265,,,,-57,6,0,,,,,,,,
CISS_1_244B2207551B8950,1573311900363,886,474,-304,,,,,,,,,,,
CISS_1_244B2207551B8950,1573311900364,,,,,,,9,-25,-3,,,,,
CISS_1_244B2207551B8950,1573311900364,,,,-23,0,2,,,,,,,,
CISS_1_244B2207551B8950,1573311900463,897,456,-279,,,,,,,,,,,
CISS_1_244B2207551B8950,1573311900463,,,,,,,12,-20,-2,,,,,
CISS_1_244B2207551B8950,1573311900464,,,,10,-3,1,,,,,,,,
CISS_1_244B2207551B8950,1573311900563,899,396,-263,,,,,,,,,,,
CISS_1_244B2207551B8950,1573311900563,,,,,,,10,-22,-7,,,,,
CISS_1_244B2207551B8950,1573311900564,,,,102,-11,-4,,,,,,,,
CISS_1_244B2207551B8950,1573311900662,878,349,-400,,,,,,,,,,,
CISS_1_244B2207551B8950,1573311900663,,,,,,,12,-24,-3,,,,,
CISS_1_244B2207551B8950,1573311900663,,,,87,-18,3,,,,,,,,
CISS_1_244B2207551B8950,1573311900762,878,357,-488,,,,,,,,,,,
CISS_1_244B2207551B8950,1573311900762,,,,,,,10,-34,8,,,,,
CISS_1_244B2207551B8950,1573311900763,,,,54,-14,-1,,,,,,,,
CISS_1_244B2207551B8950,1573311900861,872,253,-581,,,,,,,,,,,
CISS_1_244B2207551B8950,1573311900862,,,,,,,10,-35,8,,,,,
CISS_1_244B2207551B8950,1573311900862,,,,125,-31,5,,,,,,,,
CISS_1_244B2207551B8950,1573311900961,835,154,-618,,,,,,,,,,,
CISS_1_244B2207551B8950,1573311900962,,,,,,,8,-40,13,,,,,
CISS_1_244B2207551B8950,1573311900962,,,,61,-15,0,,,,,,,,
CISS_1_244B2207551B8950,1573311900968,,,,,,,,,,26.9,,,,
CISS_1_244B2207551B8950,1573311900969,,,,,,,,,,,,47.77,,
CISS_1_244B2207551B8950,1573311900969,,,,,,,,,,,1006.37,,,
CISS_1_244B2207551B8950,1573311900969,,,,,,,,,,,,,0,
CISS_1_244B2207551B8950,1573311901060,827,42,-624,,,,,,,,,,,
CISS_1_244B2207551B8950,1573311901061,,,,,,,7,-43,30,,,,,
CISS_1_244B2207551B8950,1573311901062,,,,37,-9,2,,,,,,,,
CISS_1_244B2207551B8950,1573311901160,782,-54,-651,,,,,,,,,,,
CISS_1_244B2207551B8950,1573311901161,,,,,,,7,-42,39,,,,,
CISS_1_244B2207551B8950,1573311901161,,,,144,-28,6,,,,,,,,
CISS_1_244B2207551B8950,1573311901260,782,-105,-644,,,,,,,,,,,
CISS_1_244B2207551B8950,1573311901260,,,,,,,6,-46,46,,,,,
CISS_1_244B2207551B8950,1573311901261,,,,113,-16,-11,,,,,,,,
CISS_1_244B2207551B8950,1573311901359,763,-281,-673,,,,,,,,,,,
CISS_1_244B2207551B8950,1573311901360,,,,,,,7,-46,59,,,,,
CISS_1_244B2207551B8950,1573311901361,,,,85,-14,7,,,,,,,,
CISS_1_244B2207551B8950,1573311901459,737,-390,-546,,,,,,,,,,,
CISS_1_244B2207551B8950,1573311901460,,,,,,,6,-42,66,,,,,
CISS_1_244B2207551B8950,1573311901460,,,,131,-19,3,,,,,,,,
CISS_1_244B2207551B8950,1573311901558,733,-558,-409,,,,,,,,,,,
CISS_1_244B2207551B8950,1573311901559,,,,,,,4,-32,83,,,,,
CISS_1_244B2207551B8950,1573311901560,,,,150,-14,8,,,,,,,,
CISS_1_244B2207551B8950,1573311901658,706,-620,-355,,,,,,,,,,,
CISS_1_244B2207551B8950,1573311901659,,,,,,,7,-23,91,,,,,
CISS_1_244B2207551B8950,1573311901659,,,,92,-12,11,,,,,,,,
CISS_1_244B2207551B8950,1573311901757,698,-474,-345,,,,,,,,,,,
CISS_1_244B2207551B8950,1573311901758,,,,,,,6,-15,94,,,,,
CISS_1_244B2207551B8950,1573311901759,,,,-300,49,0,,,,,,,,
CISS_1_244B2207551B8950,1573311901858,716,-427,-532,,,,,,,,,,,
CISS_1_244B2207551B8950,1573311901858,,,,,,,4,-21,92,,,,,
CISS_1_244B2207551B8950,1573311901859,,,,-118,2,8,,,,,,,,
CISS_1_244B2207551B8950,1573311901957,689,-363,-698,,,,,,,,,,,
CISS_1_244B2207551B8950,1573311901958,,,,,,,3,-33,78,,,,,
CISS_1_244B2207551B8950,1573311901958,,,,-53,-12,-6,,,,,,,,
CISS_1_244B2207551B8950,1573311901970,,,,,,,,,,26.9,,,,
CISS_1_244B2207551B8950,1573311901970,,,,,,,,,,,,47.75,,
CISS_1_244B2207551B8950,1573311901971,,,,,,,,,,,1006.24,,,
CISS_1_244B2207551B8950,1573311901971,,,,,,,,,,,,,0,
CISS_1_244B2207551B8950,1573311902056,671,-353,-714,,,,,,,,,,,
CISS_1_244B2207551B8950,1573311902057,,,,,,,5,-39,69,,,,,
CISS_1_244B2207551B8950,1573311902058,,,,-17,-36,22,,,,,,,,
CISS_1_244B2207551B8950,1573311902156,599,-206,-864,,,,,,,,,,,
CISS_1_244B2207551B8950,1573311902157,,,,,,,5,-41,62,,,,,
CISS_1_244B2207551B8950,1573311902157,,,,-15,-53,2,,,,,,,,
CISS_1_244B2207551B8950,1573311902256,571,-302,-905,,,,,,,,,,,
CISS_1_244B2207551B8950,1573311902256,,,,,,,7,-42,52,,,,,
CISS_1_244B2207551B8950,1573311902257,,,,10,-45,10,,,,,,,,
CISS_1_244B2207551B8950,1573311902355,474,-415,-1011,,,,,,,,,,,
CISS_1_244B2207551B8950,1573311902356,,,,,,,12,-43,55,,,,,
CISS_1_244B2207551B8950,1573311902356,,,,37,-56,20,,,,,,,,
CISS_1_244B2207551B8950,1573311902455,423,-349,-894,,,,,,,,,,,
CISS_1_244B2207551B8950,1573311902456,,,,,,,13,-41,57,,,,,
CISS_1_244B2207551B8950,1573311902456,,,,42,-17,2,,,,,,,,
CISS_1_244B2207551B8950,1573311902554,384,-400,-1020,,,,,,,,,,,
CISS_1_244B2207551B8950,1573311902555,,,,,,,12,-39,62,,,,,
CISS_1_244B2207551B8950,1573311902556,,,,-41,-30,-21,,,,,,,,
CISS_1_244B2207551B8950,1573311902654,411,-386,-831,,,,,,,,,,,
CISS_1_244B2207551B8950,1573311902655,,,,,,,14,-39,64,,,,,
CISS_1_244B2207551B8950,1573311902655,,,,-72,6,-3,,,,,,,,
CISS_1_244B2207551B8950,1573311902754,458,-271,-888,,,,,,,,,,,
CISS_1_244B2207551B8950,1573311902755,,,,,,,14,-40,55,,,,,
CISS_1_244B2207551B8950,1573311902755,,,,-65,35,-16,,,,,,,,
CISS_1_244B2207551B8950,1573311902853,355,-187,-927,,,,,,,,,,,
CISS_1_244B2207551B8950,1573311902854,,,,,,,13,-43,48,,,,,
CISS_1_244B2207551B8950,1573311902855,,,,-44,14,0,,,,,,,,
CISS_1_244B2207551B8950,1573311902953,511,-222,-878,,,,,,,,,,,
CISS_1_244B2207551B8950,1573311902954,,,,,,,15,-43,47,,,,,
CISS_1_244B2207551B8950,1573311902954,,,,-24,23,22,,,,,,,,
CISS_1_244B2207551B8950,1573311902969,,,,,,,,,,27.0,,,,
CISS_1_244B2207551B8950,1573311902969,,,,,,,,,,,,47.77,,
CISS_1_244B2207551B8950,1573311902969,,,,,,,,,,,1006.25,,,
CISS_1_244B2207551B8950,1573311902969,,,,,,,,,,,,,0,
CISS_1_244B2207551B8950,1573311903053,517,-64,-864,,,,,,,,,,,
CISS_1_244B2207551B8950,1573311903053,,,,,,,15,-42,42,,,,,
CISS_1_244B2207551B8950,1573311903054,,,,0,3,-1,,,,,,,,
CISS_1_244B2207551B8950,1573311903152,562,-72,-837,,,,,,,,,,,
CISS_1_244B2207551B8950,1573311903153,,,,,,,16,-43,44,,,,,
CISS_1_244B2207551B8950,1573311903154,,,,-9,10,1,,,,,,,,
CISS_1_244B2207551B8950,1573311903252,616,-52,-810,,,,,,,,,,,
CISS_1_244B2207551B8950,1573311903252,,,,,,,16,-43,39,,,,,
CISS_1_244B2207551B8950,1573311903253,,,,-5,13,3,,,,,,,,
CISS_1_244B2207551B8950,1573311903351,591,-48,-853,,,,,,,,,,,
CISS_1_244B2207551B8950,1573311903352,,,,,,,15,-44,33,,,,,
CISS_1_244B2207551B8950,1573311903353,,,,0,0,0,,,,,,,,
CISS_1_244B2207551B8950,1573311903451,581,-50,-853,,,,,,,,,,,
CISS_1_244B2207551B8950,1573311903452,,,,,,,14,-42,36,,,,,
CISS_1_244B2207551B8950,1573311903452,,,,0,0,0,,,,,,,,
CISS_1_244B2207551B8950,1573311903551,583,-48,-860,,,,,,,,,,,
CISS_1_244B2207551B8950,1573311903551,,,,,,,16,-42,36,,,,,
CISS_1_244B2207551B8950,1573311903552,,,,0,0,0,,,,,,,,
CISS_1_244B2207551B8950,1573311903650,581,-46,-853,,,,,,,,,,,
CISS_1_244B2207551B8950,1573311903651,,,,,,,18,-42,35,,,,,
CISS_1_244B2207551B8950,1573311903652,,,,0,0,0,,,,,,,,
CISS_1_244B2207551B8950,1573311903750,591,-48,-849,,,,,,,,,,,
CISS_1_244B2207551B8950,1573311903751,,,,,,,17,-44,35,,,,,
CISS_1_244B2207551B8950,1573311903751,,,,0,0,0,,,,,,,,
CISS_1_244B2207551B8950,1573311903850,587,-42,-856,,,,,,,,,,,
CISS_1_244B2207551B8950,1573311903851,,,,,,,17,-42,38,,,,,
CISS_1_244B2207551B8950,1573311903851,,,,0,0,0,,,,,,,,
CISS_1_244B2207551B8950,1573311903949,589,-50,-847,,,,,,,,,,,
CISS_1_244B2207551B8950,1573311903950,,,,,,,16,-44,37,,,,,
CISS_1_244B2207551B8950,1573311903951,,,,0,0,0,,,,,,,,
CISS_1_244B2207551B8950,1573311903969,,,,,,,,,,27.0,,,,
CISS_1_244B2207551B8950,1573311903969,,,,,,,,,,,,47.76,,
CISS_1_244B2207551B8950,1573311903969,,,,,,,,,,,1006.25,,,
CISS_1_244B2207551B8950,1573311903969,,,,,,,,,,,,,0,
CISS_1_244B2207551B8950,1573311904049,577,-52,-845,,,,,,,,,,,
CISS_1_244B2207551B8950,1573311904049,,,,,,,16,-41,37,,,,,
CISS_1_244B2207551B8950,1573311904050,,,,0,1,0,,,,,,,,
CISS_1_244B2207551B8950,1573311904148,591,-42,-841,,,,,,,,,,,
CISS_1_244B2207551B8950,1573311904149,,,,,,,18,-45,39,,,,,
CISS_1_244B2207551B8950,1573311904150,,,,0,0,0,,,,,,,,
CISS_1_244B2207551B8950,1573311904248,589,-39,-851,,,,,,,,,,,
CISS_1_244B2207551B8950,1573311904249,,,,,,,16,-44,33,,,,,
CISS_1_244B2207551B8950,1573311904249,,,,0,0,0,,,,,,,,
CISS_1_244B2207551B8950,1573311904347,589,-52,-858,,,,,,,,,,,
CISS_1_244B2207551B8950,1573311904348,,,,,,,14,-42,32,,,,,
CISS_1_244B2207551B8950,1573311904349,,,,0,0,0,,,,,,,,
CISS_1_244B2207551B8950,1573311904447,589,-50,-853,,,,,,,,,,,
CISS_1_244B2207551B8950,1573311904448,,,,,,,18,-44,36,,,,,
CISS_1_244B2207551B8950,1573311904448,,,,0,0,0,,,,,,,,
CISS_1_244B2207551B8950,1573311904546,589,-46,-851,,,,,,,,,,,
CISS_1_244B2207551B8950,1573311904547,,,,,,,16,-44,40,,,,,
CISS_1_244B2207551B8950,1573311904548,,,,0,0,0,,,,,,,,
CISS_1_244B2207551B8950,1573311904646,587,-50,-851,,,,,,,,,,,
CISS_1_244B2207551B8950,1573311904647,,,,,,,17,-44,34,,,,,
CISS_1_244B2207551B8950,1573311904648,,,,0,0,0,,,,,,,,
CISS_1_244B2207551B8950,1573311904746,585,-48,-849,,,,,,,,,,,
CISS_1_244B2207551B8950,1573311904747,,,,,,,13,-43,37,,,,,
CISS_1_244B2207551B8950,1573311904747,,,,0,0,0,,,,,,,,
CISS_1_244B2207551B8950,1573311904846,587,-44,-851,,,,,,,,,,,
CISS_1_244B2207551B8950,1573311904846,,,,,,,21,-43,36,,,,,
CISS_1_244B2207551B8950,1573311904847,,,,0,0,0,,,,,,,,
CISS_1_244B2207551B8950,1573311904945,589,-42,-851,,,,,,,,,,,
CISS_1_244B2207551B8950,1573311904946,,,,,,,14,-43,33,,,,,
CISS_1_244B2207551B8950,1573311904946,,,,0,0,0,,,,,,,,
CISS_1_244B2207551B8950,1573311904969,,,,,,,,,,27.0,,,,
CISS_1_244B2207551B8950,1573311904969,,,,,,,,,,,,47.78,,
CISS_1_244B2207551B8950,1573311904969,,,,,,,,,,,1006.25,,,
CISS_1_244B2207551B8950,1573311904969,,,,,,,,,,,,,0,
CISS_1_244B2207551B8950,1573311905045,591,-46,-853,,,,,,,,,,,
CISS_1_244B2207551B8950,1573311905045,,,,,,,16,-42,36,,,,,
CISS_1_244B2207551B8950,1573311905046,,,,0,0,0,,,,,,,,
CISS_1_244B2207551B8950,1573311905144,589,-46,-851,,,,,,,,,,,
CISS_1_244B2207551B8950,1573311905145,,,,,,,15,-42,41,,,,,
CISS_1_244B2207551B8950,1573311905146,,,,0,0,0,,,,,,,,
CISS_1_244B2207551B8950,1573311905244,593,-46,-853,,,,,,,,,,,
CISS_1_244B2207551B8950,1573311905245,,,,,,,16,-44,35,,,,,
CISS_1_244B2207551B8950,1573311905248,,,,0,0,0,,,,,,,,
CISS_1_244B2207551B8950,1573311905344,583,-44,-853,,,,,,,,,,,
CISS_1_244B2207551B8950,1573311905344,,,,,,,16,-42,42,,,,,
CISS_1_244B2207551B8950,1573311905345,,,,0,0,0,,,,,,,,
